{"B_wave_scope": [3.5843617916107178, 3.755774736404419], "R_wave_scope": [3.7709522247314453, 3.944382429122925]}