{"B_wave_scope": [3.5843000411987305, 3.7558000087738037], "R_wave_scope": [3.770901679992676, 3.944399833679199]}